lambda	fix	canonical	positive	lps	bad	secs	subtrees
9	20	11	11	12	0	0.0	0
8-1	196	55	55	56	0	0.0	0
7-2	364	97	97	144	0	0.0	0
6-3	504	132	132	225	0	0.0	0
5-4	580	151	151	264	0	0.0	0
7-1-1	4228	335	573	468	0	0.0	0
6-2-1	9604	1258	1258	2375	0	0.0	0
5-3-1	14632	1897	1897	3903	0	0.0	0
5-2-2	20284	1375	2599	3065	0	0.0	0
4-4-1	16068	1067	2079	1571	0	0.0	0
4-3-2	28244	3598	3598	9602	0	0.1	0
3-3-3	35516	821	4508	1194	0	0.0	2
6-1-1-1	191640	2766	12558	5191	0	0.1	0
5-2-1-1	525696	18201	33803	46739	0	0.5	241
4-3-1-1	802092	27471	51344	74941	0	0.8	1172
4-2-2-1	1250516	40763	79447	118394	0	1.2	2765
3-3-2-1	1688504	54145	107032	146554	0	0.6	4188
3-2-2-2	2570892	28854	162066	79973	0	0.6	2223
5-1-1-1-1	17879668	33301	572527	81719	0	1.1	2308
4-2-1-1-1	55179896	332762	1751035	1122085	0	2.9	4464
3-3-1-1-1	77716340	234109	2462600	677129	0	2.1	4224
3-2-2-1-1	138912180	1149975	4382892	4229615	0	11.3	5459
2-2-2-2-1	238069348	332479	7486183	854165	0	2.8	4349
4-1-1-1-1-1	3311445420	601644	52330391	1840294	0	7.4	4470
3-2-1-1-1-1	10304390204	7912475	162238006	32931348	0	136.7	4590
2-2-2-1-1-1	20769998328	9863538	326281779	36900972	0	161.7	4112
3-1-1-1-1-1-1	1091995941092	15726886	8573364752	56956448	0	346.4	4241
2-2-1-1-1-1-1	2594373863484	99515335	20343027639	452694440	0	1425.8	4776
2-1-1-1-1-1-1-1	486010253627696	471919158	1902523108723	1953575953	0	9623.2	4671
1-1-1-1-1-1-1-1-1	144130531453121108	993061484	281814234754247	3456397040	0	19534.8	4439	175428
